10000,10000,4800,10000,-10000,-10000,10000,10000,-10000,10000,800,2600,10000,-10000,10000,10000,-10000,-2000,1000,-10000,10000,10000,3600,-800,-10000,-1000,10000,10000,-10000,-2400,-10000,-10000,600,3000,1800,-200,-10000,-10000,10000,-1200,-10000,10000,-10000,1800,-1400,400,10000,3000,-10000,-10000,10000,-10000,-10000,-10000,200,-6000,-10000,10000,10000,10000,-10000,10000,10000,10000,-200,10000,-10000,-2400,-600,10000,10000,-2600,10000,10000,-1200,10000,-10000,10000,-400,-10000,2200,10000,10000,600,10000,-3134,-800,-400,-10000,10000,3200,10000,10000,3200,10000,-1600,-10000,10000,1200,2438
-10000,-10000,-2364,1600,-1200,-1000,10000,-10000,0,10000,-10000,-10000,-4000,0,10000,10000,-1800,-6000,10000,-10000,-10000,-10000,-10000,-10000,10000,-10000,-10000,-10000,2000,10000,10000,10000,600,-200,3930,-1540,-10000,1000,-10000,-1600,10000,-600,-10000,200,-10000,1600,-10000,-10000,400,-5800,-10000,-10000,10000,-1600,-800,0,10000,10000,800,-5800,-10000,10000,200,-4800,-600,10000,10000,-2800,-10000,-2800,10000,600,-10000,10000,3000,400,-3600,1200,800,-10000,200,10000,-10000,-10000,-10000,-10000,1600,10000,10000,10000,400,-10000,10000,-400,-10000,-800,-5000,-1400,10000,-10000
10000,10000,1400,10000,-10000,10000,-10000,-10000,3576,10000,1318,10000,10000,-200,-10000,-600,1000,-10000,10000,-10000,10000,2642,-10000,2200,800,10000,-2000,10000,-1800,1200,-10000,10000,-1600,-10000,-1200,10000,10000,10000,-10000,10000,2400,10000,10000,-5000,10000,-10000,-10000,10000,10000,10000,-10000,-600,-10000,800,-400,-3600,-10000,-1600,-3400,-1476,10000,-10000,4600,200,10000,1000,10000,-2800,-10000,10000,-10000,-4000,-10000,-10000,-10000,10000,2600,146,-3600,-10000,-10000,-10000,10000,-10000,10000,-10000,10000,-10000,3336,-3800,10000,10000,-10000,-10000,200,200,-10000,4702,-1800,0
-200,-2218,1400,-10000,10000,10000,-3400,600,-10000,-10000,10000,10000,-10000,-10000,10000,-10000,1400,-10000,-10000,-400,3278,10000,-10000,1600,1000,3000,-200,-10000,2050,1200,-10000,600,-10000,-10000,2000,10000,-10000,10000,10000,-600,10000,-1800,1000,-836,10000,-10000,2000,10000,-5800,-10000,600,10000,10000,10000,-4600,-10000,10000,10000,10000,10000,-10000,-10000,10000,-10000,1398,-800,400,-10000,-10000,-10000,-10000,2200,-10000,1400,1000,-662,0,-10000,10000,-2200,1200,4000,-10000,10000,10000,10000,10000,-10000,600,10000,1328,10000,10000,-10000,800,-10000,3200,-10000,600,-10000
10000,4040,-10000,10000,-10000,10000,-3788,1000,-10000,10000,-10000,10000,-10000,1334,10000,4004,-1600,10000,10000,10000,-200,2216,10000,10000,400,1538,1600,-10000,10000,-200,-10000,10000,-5054,-10000,-1980,-10000,-10000,54,1000,10000,10000,10000,10000,10000,936,10000,-1002,-10000,-10000,-10000,3536,912,-3010,10000,10000,-10000,-10000,-10000,-10000,10000,-1000,10000,5800,-10000,-10000,1254,892,-10000,3022,10000,10000,10000,10000,10000,-3916,10000,10000,-440,-10000,10000,-10000,-600,10000,1044,-10000,694,-10000,10000,-10000,10000,1128,-10000,-10000,-10000,-3248,600,10000,3800,10000,10000
10000,-510,-10000,-10000,10000,10000,10000,1482,10000,-4440,-3168,-10000,276,-5480,10000,1094,10000,4256,-10000,10000,10000,-1834,5548,-10000,-3926,10000,-10000,-10000,10000,-10000,-10000,872,3150,-10000,4332,10000,10000,2436,10000,4588,-10000,-4690,1594,-10000,10000,4962,2328,-10000,-820,-2574,10000,-10000,10000,-10000,10000,-10000,4328,10000,10000,964,10000,-1692,-10000,10000,-10000,10000,-10000,0,-948,-2596,1632,-10000,250,-10000,-10000,-1572,10000,620,-384,10000,-2724,1548,-1432,-10000,-10000,-10000,2920,10000,-342,-10000,26,-1514,10000,-1236,3752,10000,-10000,-10000,10000,10000
10000,10000,-4552,10000,10000,356,-750,10000,10000,10000,10000,10000,-10000,9998,-10000,-1564,10000,-10000,1546,-3786,10000,1492,-10000,10000,-112,2196,-10000,-1394,10000,-2134,-10000,-10000,-262,5420,-10000,4184,3638,10000,-10000,-10000,-928,-2892,-10000,10000,10000,10000,-10000,-10000,-10000,-10000,-10000,186,10000,10000,10000,-10000,10000,10000,2190,-10000,10000,-10000,-10000,10000,-10000,-10000,-3374,-10000,10000,10000,2262,10000,-10000,-10000,10000,364,-10000,3332,1706,-10000,-10000,-10000,10000,-172,10000,-10000,446,10000,1092,478,-2118,3698,10000,10000,-2698,10000,10000,-1364,-10000,-522
10000,10000,-208,3322,10000,-10000,2664,-5462,-10000,10000,-10000,10000,-10000,-10000,10000,782,10000,2356,-3758,2474,10000,9998,-9998,9998,-10000,2782,10000,10000,-2880,-1812,10000,10000,-10000,406,10000,10000,-10000,10000,10000,-504,1888,-1038,-10000,-190,1022,2072,-3994,10000,-2966,10000,-10000,-694,774,-1242,-10000,-1088,10000,-1210,10000,10000,-5920,-9998,-10000,10000,10000,4326,10000,-10000,-442,2674,620,-832,10000,-1314,9998,-9998,-2832,10000,10000,1646,-10000,1046,9998,10000,10000,-10000,10000,10000,9998,10000,-10000,10000,-10000,-10000,10000,10000,10000,10000,-10000,10000
10000,10000,-9998,10000,-10000,10000,-10000,-1492,-1298,-3294,10000,10000,1014,-284,-9996,-1650,9996,-10000,9998,-6016,1830,-10000,2130,9998,-10000,10000,934,-794,10000,10000,-9998,-9998,10000,150,10000,-10000,9998,-10000,-1044,10000,-9998,-10000,4560,1558,-450,-10000,-1332,10000,9998,-656,9998,-2748,18,10000,10000,10000,-10000,9996,-9998,-10000,610,9994,-10000,10000,-10000,9996,-4602,332,-9998,-10000,-454,-9998,10000,596,9998,-9998,-10000,-120,-10000,-10000,9998,10000,-10000,-9998,-878,9998,-3218,9998,9998,10000,10000,-9996,1536,-10000,10000,-3786,-10000,5418,10000,-9998
-9998,5266,-9998,-9992,-9996,952,9998,976,9998,704,2950,606,2774,-9998,10000,7346,-9996,10000,9998,2338,-9998,4124,-2234,-700,-9996,-9998,-990,-9996,9996,-10000,-9992,9998,-9998,9998,9998,9994,10000,9992,-9998,-5570,10000,782,9994,9998,9996,9992,9996,9994,-9996,-4474,-9996,9996,-9998,9996,-136,-2430,-9998,-9996,1170,1042,-10000,-9998,10000,9996,1042,2030,-10000,10000,904,-9994,104,2450,-9994,2738,9996,9996,-1826,-9998,-2970,2862,168,9998,-1012,-106,-186,-9994,9992,-1818,-3236,9996,10000,9996,9996,-3738,-9994,9998,-9996,-9998,-9990,9996
9992,-9994,-9990,-2216,9988,406,9988,-9988,-1260,9986,9996,3000,9990,-9990,9986,-9992,9982,-9994,2142,9996,9996,-2782,2148,-9996,-2966,-9994,9994,9992,2628,-9990,9982,-9982,-1814,-1620,-9992,-1274,-6794,-9990,-9982,-9992,5024,-2248,-9992,-88,-4838,-9992,-9982,448,-9996,9988,2462,-1446,1912,9988,-1822,9998,9996,9992,-9990,3354,3844,3524,-9998,1668,9996,9992,9994,9982,9988,786,9986,2934,-3884,9994,9998,9992,-364,1920,846,9980,9994,-2398,9994,-9994,2176,-9998,644,-9994,9988,-9994,-9990,9992,9994,-9994,9992,-9986,-1914,9992,-3312,302
9970,-9982,-9986,1010,-9980,-9980,-9980,9976,9982,-9972,3412,1492,522,-9994,9974,9980,-9984,9976,-654,3550,-9982,3434,-1732,-9976,9988,-2014,9988,9984,1894,9982,-9986,1974,2190,2724,-9982,-9992,-9986,9982,9976,9978,1914,-9992,-9970,9978,4346,-9982,9976,9986,4208,9972,274,9980,-1750,-9982,-5480,5304,9978,-9986,9978,4412,9984,-9974,-9976,-9972,9972,-2486,9986,-1496,9994,-3260,9984,9976,5954,-9984,-9984,9958,9980,-626,9984,-962,-1672,1630,-9988,-9982,-1952,-3550,9982,-9974,308,9980,5842,9982,9982,9980,-9978,-9996,-9986,9974,9978,9976
9956,9970,-3828,-1338,-9968,-9972,1178,-9978,-9972,-16,-9972,4406,-9972,-9968,9952,9968,3702,400,-9972,9976,-1568,-9962,9970,6816,9958,-9962,9964,-9952,3604,9974,-9966,9964,9978,-9962,9966,9962,4626,9970,852,-9960,9966,5958,9944,9966,9958,1000,9964,686,1064,9974,-2128,5972,-4652,-9972,9982,-740,2352,-1134,-9950,9966,9978,9964,-9982,-110,9968,-9954,-9980,-1056,9978,-5344,9974,1012,-9966,9976,3828,9964,-9972,-9954,-9972,1976,-9958,-9964,9954,-9958,9968,-9958,-9978,-4708,-9962,2136,9970,9978,-9956,9976,9946,9966,9966,9966,-9968,9970
988,-9914,9938,-1562,4684,562,9926,-9946,9938,-4802,-9948,9940,-2586,-9952,-9956,-9934,9928,5680,9916,-1152,-2958,964,-9962,9944,-9934,9932,-9940,9946,-9950,5436,-9962,-9952,-9946,9938,-9930,688,9934,3016,-9952,9918,-9930,-3958,-9942,-3090,-4964,-2086,1440,-9954,-9946,2612,2966,-9946,-1602,1642,9952,-9936,1294,9954,9952,-2044,9952,9950,-4384,-1174,9948,-9942,1498,3794,9950,-4656,9932,9952,9940,9958,-2022,-1142,-9930,-9932,-562,-9930,514,9936,9934,-9920,-9948,9928,-4580,-9944,5316,9930,9938,9938,9938,-9944,-9946,-9958,-9946,9950,-9926,-1274
-9906,9880,9894,9902,282,1580,-9878,9940,-9922,9892,9916,-9892,-3080,-9918,9884,9870,5192,-9902,-9884,3308,9898,-9890,-9888,-9930,412,9882,9906,-9908,-9908,9916,9890,-9910,-9872,9900,9894,-3594,1250,4746,-2256,9914,-9932,-9914,9900,9922,-9902,9902,5402,2,9890,9906,-9930,2886,9892,-9872,-9862,-9900,9892,-9906,-4362,1560,-9870,-9918,-1102,9898,-9914,2220,-1190,4446,3032,-9892,-9908,254,9896,-9870,-3948,9912,820,-710,-1344,344,-9868,-236,9886,-9912,-9928,-5992,9868,-9892,-9906,9896,9924,496,9884,662,-9910,9894,9912,1354,-2948,308
-9836,6440,-9844,-9860,9874,-9830,168,-756,4840,-9854,9824,9828,2414,9842,-3798,-3084,-9886,9844,-9836,9846,9836,3086,-9854,-2454,110,4116,-1874,9846,9858,9870,-4360,-816,-9858,-9868,9844,1060,-9868,2804,-2484,9840,-2856,-9842,-1270,9856,-9870,9868,-1638,-9832,-9886,-9874,-9818,-9842,-9886,-9840,9828,9848,9814,-9832,1212,9818,-5454,2458,-2794,-9858,-9854,-9862,9852,-3830,-5292,-9810,9860,-9808,-4430,-9844,2394,6130,-9868,578,-9840,470,-9888,4836,-9848,9832,-9852,738,-3824,-9872,-1366,-3792,1712,-9828,9856,-1490,-9850,-4768,9874,9862,1448,-9804
-9782,804,9768,9774,9804,-9746,9790,9784,-9784,9786,9808,-818,-9772,9792,-9832,-9768,-9754,9732,6,-9790,9776,-9728,6452,-9742,9762,9784,9822,-3412,9780,-1826,-9784,-9778,-2186,-9780,-9796,9788,9770,9826,9734,9810,-9822,-9714,-1010,-2558,-9826,-9790,-9780,-9750,-2482,9814,-406,1554,-4736,-2978,-292,-634,9718,-9738,9794,9806,1662,-680,9790,9760,-9782,-9798,9784,-9784,-2238,1196,-2064,9766,-9768,-1358,1034,-2758,9744,-9790,9768,-9772,-9712,9778,-9756,-9732,-9750,9766,-9758,9786,9750,9742,-2406,2276,9776,-9806,9816,1404,9764,-9778,-1672,-3580
9630,9666,-9632,-1240,-9686,-9600,506,9714,9682,9694,-2572,-632,1932,1944,4494,9634,-9628,-602,-1454,2176,-4108,-9674,9658,-9684,9680,-9658,9672,9622,-9680,-9654,9692,9596,9658,-9472,-9668,9596,-9654,-9718,-9650,9598,-9682,-2582,-9548,-9622,-9590,9724,-848,9692,9698,9588,2500,2070,-1380,-1232,9612,9670,2240,-9710,2272,2400,-1860,-9620,-9646,9662,-9644,9624,-9710,716,-5520,-1368,476,9634,9674,9704,9654,-2398,-30,-9688,9682,4796,3864,-9726,-9706,9654,-4782,-3056,-9670,-9654,-9706,3016,9648,9646,-9694,9678,-2022,9622,9628,9594,-9666,9660
-9476,-3550,9462,9446,2580,-9504,-9524,9466,4956,9498,9462,-4746,-510,9532,2848,-9552,9464,-9544,3042,9416,-9438,9552,9480,-2424,9370,9456,9502,1118,-9504,-9566,-6324,-9590,9468,-740,-9532,9528,9514,-9596,-9484,9438,198,-9564,-6128,-9530,9572,3842,-2988,9534,9576,9562,9480,-1472,-9494,-2102,-9474,2394,9506,862,9534,9544,9562,9490,9454,9450,9538,-9536,-9568,-9476,9434,-9536,2130,-9506,9442,-2182,9458,9470,-1004,9496,9462,-9394,-9534,-102,2042,9456,1478,-560,3156,-9502,9442,-9526,-9578,1710,9330,-9548,9422,9510,-9560,-9534,452,5010
-9254,9380,-9182,100,-9312,4198,2080,9242,-2140,9280,-9344,-9352,-9278,5706,-2418,-9284,9260,-1540,-678,9194,9334,9140,-9272,294,9312,9316,9314,-1110,-9346,-9298,9224,-9268,-9176,9342,-9404,-9330,-1262,9312,9240,1070,9312,-9112,-3888,3078,4868,-4852,8,-9272,9214,9364,9298,-9230,9276,9332,-9352,9222,9346,-9360,9232,9268,-9250,9278,9320,9296,-9410,9176,9246,9320,-2998,-9302,-9206,9112,398,9340,-796,9264,-6030,-9316,-360,770,9354,1374,-9278,9248,-9284,2412,9362,-9230,-9176,9350,9322,9184,9402,9440,-9260,-9194,-9340,9180,9388,-9192
8938,-8892,8964,-8874,9016,-4830,8940,-9104,3324,9012,-8852,-8912,8834,9044,8896,8910,9090,-1640,8876,-8866,8974,3044,-8850,8982,-9030,9120,8772,-9092,-9016,-8868,-8914,9002,-8856,-9066,-8988,-9024,9054,-8932,-8980,8962,8958,8992,-8944,9068,-9036,8666,-8984,-9022,-9016,-8886,8836,230,-8882,8948,8990,-8986,-8518,-8874,8972,-8912,8992,-9140,8926,8942,-8792,9096,2294,-8546,-9006,-9018,8956,8962,-8950,-8836,-8934,-8936,8968,-9042,-1066,4258,-9148,-3774,-8862,8926,9214,-9048,-9080,-8890,-8898,-8876,692,8896,9016,-8756,-9130,2270,2150,-9048,-8958,-9002
-1586,8546,-8328,8208,-8182,8288,-8034,8592,8406,8526,-8100,-8652,6146,-8292,-8544,-8376,-8324,8142,-8402,-7942,8394,-8334,-7968,8272,8398,8616,8370,-8428,8254,8450,-8370,8114,-8382,8486,-8442,-8308,-8394,8552,-172,-7828,-8654,-8506,8590,8646,-1298,8592,-8350,-8800,-8406,-8286,8528,8338,-8508,8722,7450,-8496,-8424,-8286,-8054,8358,8822,598,8328,8380,8332,8396,-8050,8594,-8312,8486,-8462,-8642,-8598,8358,8608,-8242,8222,8382,-8338,8242,8186,-8378,8586,-8554,8376,-8642,-8424,-8636,8104,8658,-8408,8216,8498,8480,-1470,8564,8334,8420,-8508,8372
-6188,7380,-5102,-7016,-7454,-7628,6942,5782,-6384,6808,6896,6446,-7170,-6558,-7704,-7586,-6508,7092,-6950,4522,-6292,5690,7964,6564,5342,6078,3450,6934,-5202,-7644,7394,6786,-7306,-7216,7266,7594,7734,-6918,7304,-6708,6818,7412,-7396,-6958,7440,6564,-7334,-7450,6844,7180,-8084,-7238,7404,6940,-6790,7890,-7132,-6028,7178,-7204,-6944,-7570,-7426,7014,-6576,6670,7530,-284,-5642,6270,7268,-6570,5708,-7004,6780,-7830,-7132,6750,7262,-6412,-6700,7158,6896,7096,-6154,-7426,-7556,-7734,-5260,-7244,-7054,-7252,7386,-7836,3208,-7694,-2524,-5670,-7162,-7502
3100,-3308,218,4390,3486,3048,-1930,2072,-242,-2002,670,1728,166,4586,-2642,-2678,1852,-216,1828,78,784,3580,734,-1620,2130,-1198,3188,-1326,52,1902,-3518,-164,1036,-1602,2898,-1814,2198,684,1562,2098,2806,-430,1558,2222,-1548,1364,-1712,852,-488,-422,-2542,-2990,-2386,1080,-2392,3112,-3292,-238,2328,-2442,-960,-922,698,1440,1728,-1994,-2524,58,-760,2142,78,3594,-100,-1848,308,1000,-302,3042,2626,-870,798,514,580,2404,1098,-282,1060,494,2314,-2046,-908,-568,548,2206,-104,-1064,-498,-240,700,3160
1432,-1808,-554,-372,384,882,-562,-800,-516,-252,766,376,480,-1850,596,-26,174,568,-28,200,220,-1142,-226,-202,-798,676,-2258,604,0,-1576,36,526,-336,186,456,-976,1600,792,582,962,-1462,2272,-656,-1196,-1020,1164,1166,66,188,128,1508,410,-62,68,-608,92,682,450,-92,192,1484,-62,-420,3002,-1668,428,-860,506,446,1416,-588,-288,-352,-368,-140,-1800,118,1556,746,446,-1880,1346,-762,370,-150,1036,-766,-590,1464,2120,-508,-1092,-2316,1618,780,-664,-606,1014,-516,-478
-482,-734,430,-906,70,434,776,476,338,-1080,-198,-444,726,-1118,-306,514,-334,-600,180,1166,372,40,-550,466,88,732,-336,314,-32,-438,280,344,1072,-624,-514,818,828,280,182,-1682,1010,-802,-656,-450,196,1050,-1326,648,1090,424,-1144,-268,88,28,-66,-502,-204,602,412,-1584,1166,-548,84,344,-970,358,18,-310,604,1354,434,882,-522,1344,310,944,-274,-714,-1212,-384,674,2,384,-414,-962,10,-828,-240,-1020,-1342,574,-214,-728,-258,1118,852,-226,-84,-628,378
432,-36,-748,-324,-554,14,-624,-290,-576,-56,-230,-94,88,-554,-518,230,810,58,-624,-110,524,-20,754,-442,-174,384,1260,-208,982,-250,-622,-592,842,512,664,410,1066,86,18,-876,-264,524,-474,568,-386,-32,-114,-62,674,110,-84,-418,460,544,-1028,-682,312,-1020,-228,-214,144,498,-1192,-148,168,130,-146,130,-516,322,112,-606,734,178,-78,292,-562,44,-172,-352,208,852,-496,992,-180,-526,100,-878,-224,532,-126,1220,394,-380,12,598,638,-232,66,54
248,186,588,178,-246,8,646,-152,168,-556,970,736,56,-362,968,-108,-368,-604,-102,-294,-376,160,208,150,-130,84,128,316,454,-212,-10,82,-446,126,-126,-224,-560,272,-38,-100,700,-338,404,290,-32,-766,174,224,752,302,-662,212,-40,-178,524,-202,196,38,516,148,728,-228,446,666,-458,88,1494,-252,-390,62,-32,150,694,-1086,0,140,-664,24,-606,426,72,70,502,-284,440,-886,228,-178,572,-124,262,-378,-390,368,-318,116,284,-140,132,-326
-120,306,-128,618,504,290,-570,-46,302,158,-176,542,234,278,-602,-478,-94,232,-168,-916,-98,484,476,650,288,728,354,-174,-210,94,222,-424,406,-514,-852,0,52,436,152,478,348,-340,30,-86,-694,464,154,410,-122,-132,-146,202,-106,254,230,446,364,-504,326,-362,430,474,6,94,-332,426,174,416,-28,94,-264,-536,324,-140,192,-66,-86,18,-286,-4,-378,-542,722,-244,398,94,270,-8,-366,-732,-394,-242,-594,-220,256,328,-1072,166,234,332
128,32,230,-388,94,302,-378,368,-600,290,12,-176,166,-714,-284,206,332,-290,-392,158,64,-228,-450,-430,-452,-322,314,-290,-6,-126,24,-154,124,-414,314,630,282,286,526,-382,482,366,274,184,412,400,-22,-518,308,416,350,338,316,162,-28,-450,728,222,-114,-100,214,104,-172,-486,-126,-312,294,-232,412,372,-606,-408,36,452,576,-100,-360,48,346,66,-232,254,-132,240,-426,-266,-2,-488,406,-390,50,70,142,390,506,650,-272,182,-378,-646
-200,-210,-728,372,830,52,-344,408,-438,110,254,-258,-588,130,-582,-248,418,236,-104,-18,-530,-126,204,-628,-92,-32,-240,-356,382,-128,196,-112,-224,396,-304,38,214,20,128,114,-488,-162,-162,-98,-144,-414,-98,548,-466,-84,64,120,-592,2,-206,-376,180,256,-344,-662,144,64,318,142,-238,382,350,-322,-136,310,242,-64,-40,-480,206,-232,634,244,298,-330,24,772,-712,-258,-114,564,736,200,-370,-372,-926,290,-360,974,52,-128,-678,-116,-252,-554
-154,-206,774,-232,-350,-212,10,-40,336,94,-308,-452,-698,636,-428,296,-178,-92,118,328,-12,-170,166,-60,-416,460,-414,-20,-102,-446,-34,550,520,-326,-270,-598,102,446,220,-562,-236,158,62,394,-14,300,-480,-60,-206,208,112,-278,102,-686,184,-100,22,-212,-204,378,-256,-510,336,408,114,-156,302,-480,70,-338,-266,512,-54,-656,12,-458,324,332,106,8,112,172,56,-358,-490,-126,-930,-30,374,0,-214,306,36,410,-478,244,-28,-376,-186,-246
-372,-84,64,-146,124,358,120,76,26,-474,14,-140,-594,-218,-482,-180,-136,-126,-204,452,-508,48,-546,-118,714,328,208,-484,-486,78,366,122,706,704,254,-330,600,-328,-524,-12,-308,310,234,48,-244,-44,8,-260,288,-132,-58,-396,40,-404,-296,162,308,-204,-324,226,-244,-222,-248,82,22,-306,-430,150,-176,220,486,-396,44,-124,266,152,56,18,-72,272,106,-280,-346,-76,-80,-56,-34,-200,-20,442,470,-188,138,96,-308,190,238,392,86,422
10,-116,126,204,324,-338,36,-90,70,-316,-242,342,-254,260,-174,312,62,28,-164,238,52,-270,598,-344,-20,-702,4,-212,-26,-652,100,144,170,218,-220,-308,-106,-146,114,-296,64,158,66,74,-76,-26,44,22,-46,64,82,-218,338,-24,-52,110,106,-218,-38,-8,128,-186,162,194,-70,-112,112,106,-20,192,218,-388,-344,106,-54,-470,142,208,126,28,338,38,-138,-44,-194,-134,-316,34,-58,-316,-262,-364,160,398,-124,252,54,-186,240,-6
448,-282,-248,88,184,-68,268,-170,-194,38,-4,-120,162,440,40,-120,10,98,-70,132,-266,434,614,-254,-206,-90,-92,238,384,300,78,100,-68,-112,96,60,-72,184,-284,-326,104,-226,118,-270,214,-270,310,92,-402,-470,308,68,-160,164,158,-366,-18,448,-324,-140,272,422,-22,-290,134,164,168,-132,90,-278,-102,-82,-60,-364,476,404,216,-306,202,-62,-514,58,-90,-206,186,638,-72,228,0,-166,-154,594,60,44,-56,-64,70,-22,70,-14
-188,60,234,-44,-40,-196,-154,270,-20,-148,8,402,18,-142,384,220,322,-146,18,22,116,-232,-290,-302,80,-520,24,140,454,110,-166,274,-32,-266,-138,208,284,304,240,-274,210,-56,410,12,-20,206,-96,-380,-196,18,-118,-310,-296,500,406,26,184,-108,-198,-56,-280,-4,108,12,-82,150,-84,-60,-248,-18,-382,-90,80,116,28,270,-42,208,228,-14,-120,610,-238,38,180,-162,654,-8,-120,82,56,-172,78,96,-322,-128,-14,204,-140,-288
-104,-2,-274,130,0,348,-194,146,106,182,-128,-70,-262,10,70,44,-72,54,90,-112,-10,230,-134,-46,-66,-102,48,-348,-148,548,-72,222,-344,120,-270,40,110,-266,76,48,468,124,-38,-52,10,228,-150,72,-352,-88,344,-62,150,44,86,-32,20,282,298,-130,230,278,26,236,242,472,182,-174,-386,218,10,46,258,-94,124,-86,-36,108,286,4,-72,30,182,68,168,256,-102,-12,-164,166,-36,-20,28,-112,352,214,538,308,-444,294
124,46,-72,8,182,424,272,-402,-150,-222,-124,-30,-320,56,-158,-120,202,-192,-322,280,-40,248,-368,-128,322,-738,398,162,-168,82,-148,-56,96,-252,248,110,244,-72,-120,-104,88,-32,-324,-26,42,-208,46,-334,-440,-86,-92,-94,-198,-84,98,-266,72,-418,-248,180,-150,-228,-100,-84,366,-82,62,-100,146,-222,88,-176,-214,-132,6,86,-4,-422,-102,-458,96,92,192,-200,-260,336,-34,100,-142,188,4,-30,24,-20,74,-56,-292,4,-398,-132
-222,100,-232,218,-202,54,378,-218,48,-170,-402,-114,-122,320,-260,-246,22,-124,50,-584,-50,118,-104,116,68,136,-176,-6,500,76,-168,-242,-120,-116,18,40,314,78,28,14,218,-262,48,28,-50,82,-14,-42,140,-186,88,202,440,-10,330,18,-234,-82,240,-76,-62,-76,122,-120,-44,-34,372,70,158,454,-214,-216,-4,-52,196,-176,358,74,-148,-232,258,72,50,50,126,212,180,128,32,-16,-14,-68,168,-452,-158,186,184,-364,-90,44
128,-272,-60,-138,-100,54,322,18,-126,-142,-170,-92,-168,-98,-266,-78,-76,12,164,-460,-264,-72,454,-160,264,-60,-90,50,-278,278,236,-270,98,112,-18,380,-234,194,-32,152,-82,200,-136,368,216,82,-66,262,-262,42,334,244,-24,196,-12,108,-362,-306,20,-294,-44,118,-48,-2,-282,130,34,106,-62,114,66,-316,4,334,-104,310,134,224,38,142,40,-290,-40,300,56,74,2,-494,-136,-204,-10,-116,70,-204,-20,466,144,60,178,-142
0,0,0,0,0,0,0,0,0,0,0,0,0,0,0,0,0,0,0,0,0,0,0,0,0,0,0,0,0,0,0,0,0,0,0,0,0,0,0,0,0,0,0,0,0,0,0,0,0,0,0,0,0,0,0,0,0,0,0,0,0,0,0,0,0,0,0,0,0,0,0,0,0,0,0,0,0,0,0,0,0,0,0,0,0,0,0,0,0,0,0,0,0,0,0,0,0,0,0,0
0,0,0,0,0,0,0,0,0,0,0,0,0,0,0,0,0,0,0,0,0,0,0,0,0,0,0,0,0,0,0,0,0,0,0,0,0,0,0,0,0,0,0,0,0,0,0,0,0,0,0,0,0,0,0,0,0,0,0,0,0,0,0,0,0,0,0,0,0,0,0,0,0,0,0,0,0,0,0,0,0,0,0,0,0,0,0,0,0,0,0,0,0,0,0,0,0,0,0,0
0,0,0,0,0,0,0,0,0,0,0,0,0,0,0,0,0,0,0,0,0,0,0,0,0,0,0,0,0,0,0,0,0,0,0,0,0,0,0,0,0,0,0,0,0,0,0,0,0,0,0,0,0,0,0,0,0,0,0,0,0,0,0,0,0,0,0,0,0,0,0,0,0,0,0,0,0,0,0,0,0,0,0,0,0,0,0,0,0,0,0,0,0,0,0,0,0,0,0,0
0,0,0,0,0,0,0,0,0,0,0,0,0,0,0,0,0,0,0,0,0,0,0,0,0,0,0,0,0,0,0,0,0,0,0,0,0,0,0,0,0,0,0,0,0,0,0,0,0,0,0,0,0,0,0,0,0,0,0,0,0,0,0,0,0,0,0,0,0,0,0,0,0,0,0,0,0,0,0,0,0,0,0,0,0,0,0,0,0,0,0,0,0,0,0,0,0,0,0,0
0,0,0,0,0,0,0,0,0,0,0,0,0,0,0,0,0,0,0,0,0,0,0,0,0,0,0,0,0,0,0,0,0,0,0,0,0,0,0,0,0,0,0,0,0,0,0,0,0,0,0,0,0,0,0,0,0,0,0,0,0,0,0,0,0,0,0,0,0,0,0,0,0,0,0,0,0,0,0,0,0,0,0,0,0,0,0,0,0,0,0,0,0,0,0,0,0,0,0,0
0,0,0,0,0,0,0,0,0,0,0,0,0,0,0,0,0,0,0,0,0,0,0,0,0,0,0,0,0,0,0,0,0,0,0,0,0,0,0,0,0,0,0,0,0,0,0,0,0,0,0,0,0,0,0,0,0,0,0,0,0,0,0,0,0,0,0,0,0,0,0,0,0,0,0,0,0,0,0,0,0,0,0,0,0,0,0,0,0,0,0,0,0,0,0,0,0,0,0,0
0,0,0,0,0,0,0,0,0,0,0,0,0,0,0,0,0,0,0,0,0,0,0,0,0,0,0,0,0,0,0,0,0,0,0,0,0,0,0,0,0,0,0,0,0,0,0,0,0,0,0,0,0,0,0,0,0,0,0,0,0,0,0,0,0,0,0,0,0,0,0,0,0,0,0,0,0,0,0,0,0,0,0,0,0,0,0,0,0,0,0,0,0,0,0,0,0,0,0,0
0,0,0,0,0,0,0,0,0,0,0,0,0,0,0,0,0,0,0,0,0,0,0,0,0,0,0,0,0,0,0,0,0,0,0,0,0,0,0,0,0,0,0,0,0,0,0,0,0,0,0,0,0,0,0,0,0,0,0,0,0,0,0,0,0,0,0,0,0,0,0,0,0,0,0,0,0,0,0,0,0,0,0,0,0,0,0,0,0,0,0,0,0,0,0,0,0,0,0,0
0,0,0,0,0,0,0,0,0,0,0,0,0,0,0,0,0,0,0,0,0,0,0,0,0,0,0,0,0,0,0,0,0,0,0,0,0,0,0,0,0,0,0,0,0,0,0,0,0,0,0,0,0,0,0,0,0,0,0,0,0,0,0,0,0,0,0,0,0,0,0,0,0,0,0,0,0,0,0,0,0,0,0,0,0,0,0,0,0,0,0,0,0,0,0,0,0,0,0,0
0,0,0,0,0,0,0,0,0,0,0,0,0,0,0,0,0,0,0,0,0,0,0,0,0,0,0,0,0,0,0,0,0,0,0,0,0,0,0,0,0,0,0,0,0,0,0,0,0,0,0,0,0,0,0,0,0,0,0,0,0,0,0,0,0,0,0,0,0,0,0,0,0,0,0,0,0,0,0,0,0,0,0,0,0,0,0,0,0,0,0,0,0,0,0,0,0,0,0,0
